Id,Forename,Surname,Emails
0,Adams,Smith,adam.smith@mail.co
1,Baker,Hall,baker.hall@mail.co
2,Clark,Stewart,clark.stewart@mail.co
3,Davis,Price,davis.price@mail.co
4,Evans,Johnson,evans.johnson@mail.co
5,Frank,Allen,frank.allens@mail.co
6,Ghosh,Brown,ghosh.brown@mail.co
7,Hills,King,hills.king@mail.co
8,Irwin,Reed,irwin.reed@mail.co
9,Jones,Perry,johnes.perry@mail.co
10,Quinn,Baker,quinn.baker@mail.co
11,John,King,john.king@mail.co
12,Clark,Grover,clark.grover@mail.co
